Workbook

Sheet Prelim & Logic
A1: Prelim
A2: 1 | B2: Date Range | K2: Defect Type
A3: 2 | B3: Main Contractor | K3: CR - Crack
A4: 3 | B4: Project Class | K4: CJ - CJ
A5: 4 | B5: Select Project Class | K5: SL - Spot Leak
A6: 5 | B6: Project Code | K6: TR - Tie Rod
A7: 6 | B7: Select Project | K7: OT - Others
A8: 7 | B8: Project Staus (Open/Close/Both)
A9: 8 | B9: Labor Cost Rate (Per Hour)
A10: 9 | B10: Report Output
A11: 10 | B11: Include Draft Records
A12: 11 | B12: Defects Classification Analysis - checkbox
A13: 12 | B13: Packer Usage Analysis - checkbox
A15: Logic
A16: 1 | B16: based on prelim to filter project codes (exclude inactive project). One project one line. Sort by maincon and project name
A17: 2 | B17: find the MSOs with purpose "Repair" for each project
A18: 3 | B18: Material Cost -from MSO, get the material cost for stock category with "CSDMTR-PKRPU"
A19: 4 | B19: Labor Cost - from Rectification Work tab of MSO, get Man Hour, and then times Labor Cost Rate from Prelim
A20: 5 | B20: Defect Qty - from Rectification Work tab of MSO, get defect qty by defect type
A21: 6 | B21: Column section E & F based on date range, one month one column.
A22: 7 | B22: for column section E, first column (E1) is the month before report starting month.
A23: 8 | B23: For column section F, each month is divided into 5 columns, each column representing one defect type.
A24: 9 | B24: Column section G is total sales and repair cost for current Year & current Quarter. The sales amount is from sales account by transaction date.
A25: 10 | B25: if "Defects Classification Analysis" is checked, show the chart only
A26: 11 | B26: if "Packer Usage Analysis" is checked, show the chart only

Sheet Repair Analysis Report
A1: Repair Analysis Report
A3: A-from project code | H3: B-from MSO - Total | K3: C-formula | M3: D-from latest DO | N3: E - Total Repair cost by date range based on transaction date of MSO | AE3: F - Defect Qty by defect type by period | CO3: G-current Year & current Quarter
A4: A1 | B4: A2 | C4: A3 | D4: A4 | E4: A5 | F4: A6 | G4: A7 | H4: B1 | I4: B2 | J4: B3 | K4: C1 | L4: C2 | M4: D1 | N4: E1 | O4: E2 | P4: E3 | Q4: E4 | AE4: F1 | AF4: F2 | AG4: F3 | AH4: F4 | AI4: F5 | CO4: G1 | CP4: G2 | CQ4: G3 | CR4: G4
B5: client of project code | C5: project name | D5: close - completed | E5: project amount | F5: project vo amt | G5: A5+A6 | H5: from MSO | I5: manhour x rate | J5: B1+B2 | K5: B3/A7 | L5: A7-B3 | M5: Transation date of latest DO | N5: MSO date < report start date | AI5: others
N6: Q3 2024 | O6: Q4 2024 | R6: Q1 2025 | U6: Q2 2025 | X6: Q3 2025 | AA6: Q4 2025 | AE6: October 2024 | AJ6: November 2024 | AN6: December 2024 | AR6: January 2025 | AV6: February 2025 | AZ6: March 2025 | BD6: April 2025 | BH6: May 2025 | BL6: June 2025 | BP6: July 2025 | BT6: August 2025 | BX6: September 2025 | CB6: October 2025 | CF6: November 2025 | CJ6: December 2025
A7: S/N | B7: Main Contractor | C7: Project Name | D7: Status | E7: Contract Sales | F7: Additional Works | G7: Gross Total Sales | H7: Cumulative Material Cost | I7: Cumulative Labor Cost | J7: Cumulative Repair Cost | K7: Cumulative Repair % | L7: Net Sales | M7: Last Date of Concrete Supply | N7: Repair Cost (up to Sep 2024) | O7: Oct | P7: Nov | Q7: Dec | R7: Jan | S7: Feb | T7: Mar | U7: Apr | V7: May | W7: Jun | X7: Jul | Y7: Aug | Z7: Sep | AA7: Oct | AB7: Nov | AC7: Dec | AE7: CR | AF7: CJ | AG7: SL | AH7: TR | AI7: OT | AJ7: CR | AK7: CJ | AL7: SL | AM7: TR | AN7: CR | AO7: CJ | AP7: SL | AQ7: TR | AR7: CR | AS7: CJ | AT7: SL | AU7: TR | AV7: CR | AW7: CJ | AX7: SL | AY7: TR | AZ7: CR | BA7: CJ | BB7: SL | BC7: TR | BD7: CR | BE7: CJ | BF7: SL | BG7: TR | BH7: CR | BI7: CJ | BJ7: SL | BK7: TR | BL7: CR | BM7: CJ | BN7: SL | BO7: TR | BP7: CR | BQ7: CJ | BR7: SL | BS7: TR | BT7: CR | BU7: CJ | BV7: SL | BW7: TR | BX7: CR | BY7: CJ | BZ7: SL | CA7: TR | CB7: CR | CC7: CJ | CD7: SL | CE7: TR | CF7: CR | CG7: CJ | CH7: SL | CI7: TR | CJ7: CR | CK7: CJ | CL7: SL | CM7: TR | CO7: Yearly Sales | CP7: Yearly Repair | CQ7: Quarterly Sales | CR7: Quarterly Repair
A8: 1 | B8: Shimizu Corp | C8: River gate | D8: Completed | E8: 293798.36 | F8: 0 | G8: =F8+E8 -> 293798.36 | J8: =SUM(N8:AC8) -> 4276 | K8: =J8/G8 -> 0.0145542 | L8: =G8-J8 -> 289522.36 | M8: 39797 | N8: 4276 | O8: 0 | P8: 0 | Q8: 0 | R8: 0 | S8: 0 | T8: 0 | U8: 0 | V8: 0 | W8: 0 | X8: 0 | Y8: 0 | Z8: 0 | AA8: 0 | AB8: 0 | AC8: 0 | AE8: 0 | AF8: 0 | AG8: 0 | AI8: 0 | AJ8: 0 | AK8: 0 | AL8: 0 | AM8: 0 | AN8: 0 | AO8: 0 | AP8: 0 | AQ8: 0 | AR8: 0 | AS8: 0 | AT8: 0 | AU8: 0 | AV8: 0 | AW8: 0 | AX8: 0 | AY8: 0 | AZ8: 0 | BA8: 0 | BB8: 0 | BC8: 0 | BD8: 0 | BE8: 0 | BF8: 0 | BG8: 0 | BH8: 0 | BI8: 0 | BJ8: 0 | BK8: 0 | BL8: 0 | BM8: 0 | BN8: 0 | BO8: 0 | BP8: 0 | BQ8: 0 | BR8: 0 | BS8: 0 | BT8: 0 | BU8: 0 | BV8: 0 | BW8: 0 | BX8: 0 | BY8: 0 | BZ8: 0 | CA8: 0 | CB8: 0 | CC8: 0 | CD8: 0 | CE8: 0 | CF8: 0 | CG8: 0 | CH8: 0 | CI8: 0 | CJ8: 0 | CK8: 0 | CL8: 0 | CM8: 0 | CO8: =IF(SUM(R8:AC8)>0,G8,0) -> 0 | CP8: =IF(SUM(R8:AC8)>0,J8,0) -> 0 | CQ8: =IF(SUM(AA8:AC8)>0,G8,0) -> 0 | CR8: =IF(SUM(AA8:AC8)>0,J8,0) -> 0
A9: 2 | B9: Novelty Builders | C9: Blue water -2 | D9: Completed | E9: 142042.35 | F9: 9650 | G9: =F9+E9 -> 151692.35 | J9: =SUM(N9:AC9) -> 4919 | K9: =J9/G9 -> 0.032427476 | L9: =G9-J9 -> 146773.35 | M9: 40218 | N9: 4919 | O9: 0 | P9: 0 | Q9: 0 | R9: 0 | S9: 0 | T9: 0 | U9: 0 | V9: 0 | W9: 0 | X9: 0 | Y9: 0 | Z9: 0 | AA9: 0 | AB9: 0 | AC9: 0 | AE9: 0 | AF9: 0 | AG9: 0 | AI9: 0 | AJ9: 0 | AK9: 0 | AL9: 0 | AM9: 0 | AN9: 0 | AO9: 0 | AP9: 0 | AQ9: 0 | AR9: 0 | AS9: 0 | AT9: 0 | AU9: 0 | AV9: 0 | AW9: 0 | AX9: 0 | AY9: 0 | AZ9: 0 | BA9: 0 | BB9: 0 | BC9: 0 | BD9: 0 | BE9: 0 | BF9: 0 | BG9: 0 | BH9: 0 | BI9: 0 | BJ9: 0 | BK9: 0 | BL9: 0 | BM9: 0 | BN9: 0 | BO9: 0 | BP9: 0 | BQ9: 0 | BR9: 0 | BS9: 0 | BT9: 0 | BU9: 0 | BV9: 0 | BW9: 0 | BX9: 0 | BY9: 0 | BZ9: 0 | CA9: 0 | CB9: 0 | CC9: 0 | CD9: 0 | CE9: 0 | CF9: 0 | CG9: 0 | CH9: 0 | CI9: 0 | CJ9: 0 | CK9: 0 | CL9: 0 | CM9: 0 | CO9: =IF(SUM(R9:AC9)>0,G9,0) -> 0 | CP9: =IF(SUM(R9:AC9)>0,J9,0) -> 0 | CQ9: =IF(SUM(AA9:AC9)>0,G9,0) -> 0 | CR9: =IF(SUM(AA9:AC9)>0,J9,0) -> 0
A10: 3 | B10: China Const | C10: Payalebar Trinity Church | D10: Completed | E10: 150958.5 | F10: 1300 | G10: =F10+E10 -> 152258.5 | J10: =SUM(N10:AC10) -> 792 | K10: =J10/G10 -> 0.00520168 | L10: =G10-J10 -> 151466.5 | M10: 39665 | N10: 792 | O10: 0 | P10: 0 | Q10: 0 | R10: 0 | S10: 0 | T10: 0 | U10: 0 | V10: 0 | W10: 0 | X10: 0 | Y10: 0 | Z10: 0 | AA10: 0 | AB10: 0 | AC10: 0 | AE10: 0 | AF10: 0 | AG10: 0 | AI10: 0 | AJ10: 0 | AK10: 0 | AL10: 0 | AM10: 0 | AN10: 0 | AO10: 0 | AP10: 0 | AQ10: 0 | AR10: 0 | AS10: 0 | AT10: 0 | AU10: 0 | AV10: 0 | AW10: 0 | AX10: 0 | AY10: 0 | AZ10: 0 | BA10: 0 | BB10: 0 | BC10: 0 | BD10: 0 | BE10: 0 | BF10: 0 | BG10: 0 | BH10: 0 | BI10: 0 | BJ10: 0 | BK10: 0 | BL10: 0 | BM10: 0 | BN10: 0 | BO10: 0 | BP10: 0 | BQ10: 0 | BR10: 0 | BS10: 0 | BT10: 0 | BU10: 0 | BV10: 0 | BW10: 0 | BX10: 0 | BY10: 0 | BZ10: 0 | CA10: 0 | CB10: 0 | CC10: 0 | CD10: 0 | CE10: 0 | CF10: 0 | CG10: 0 | CH10: 0 | CI10: 0 | CJ10: 0 | CK10: 0 | CL10: 0 | CM10: 0 | CO10: =IF(SUM(R10:AC10)>0,G10,0) -> 0 | CP10: =IF(SUM(R10:AC10)>0,J10,0) -> 0 | CQ10: =IF(SUM(AA10:AC10)>0,G10,0) -> 0 | CR10: =IF(SUM(AA10:AC10)>0,J10,0) -> 0
A11: 4 | B11: Lian Beng | C11: Grand Duches | D11: Completed | E11: 263179.65 | F11: 6240 | G11: =F11+E11 -> 269419.65 | J11: =SUM(N11:AC11) -> 6294 | K11: =J11/G11 -> 0.023361325 | L11: =G11-J11 -> 263125.65 | M11: 39903 | N11: 6294 | O11: 0 | P11: 0 | Q11: 0 | R11: 0 | S11: 0 | T11: 0 | U11: 0 | V11: 0 | W11: 0 | X11: 0 | Y11: 0 | Z11: 0 | AA11: 0 | AB11: 0 | AC11: 0 | AE11: 0 | AF11: 0 | AG11: 0 | AI11: 0 | AJ11: 0 | AK11: 0 | AL11: 0 | AM11: 0 | AN11: 0 | AO11: 0 | AP11: 0 | AQ11: 0 | AR11: 0 | AS11: 0 | AT11: 0 | AU11: 0 | AV11: 0 | AW11: 0 | AX11: 0 | AY11: 0 | AZ11: 0 | BA11: 0 | BB11: 0 | BC11: 0 | BD11: 0 | BE11: 0 | BF11: 0 | BG11: 0 | BH11: 0 | BI11: 0 | BJ11: 0 | BK11: 0 | BL11: 0 | BM11: 0 | BN11: 0 | BO11: 0 | BP11: 0 | BQ11: 0 | BR11: 0 | BS11: 0 | BT11: 0 | BU11: 0 | BV11: 0 | BW11: 0 | BX11: 0 | BY11: 0 | BZ11: 0 | CA11: 0 | CB11: 0 | CC11: 0 | CD11: 0 | CE11: 0 | CF11: 0 | CG11: 0 | CH11: 0 | CI11: 0 | CJ11: 0 | CK11: 0 | CL11: 0 | CM11: 0 | CO11: =IF(SUM(R11:AC11)>0,G11,0) -> 0 | CP11: =IF(SUM(R11:AC11)>0,J11,0) -> 0 | CQ11: =IF(SUM(AA11:AC11)>0,G11,0) -> 0 | CR11: =IF(SUM(AA11:AC11)>0,J11,0) -> 0
A12: 5 | B12: China Const | C12: 1 Amber Rd | D12: Completed | E12: 245673 | F12: 10000 | G12: =F12+E12 -> 255673 | J12: =SUM(N12:AC12) -> 9187 | K12: =J12/G12 -> 0.035932617 | L12: =G12-J12 -> 246486 | M12: 40138 | N12: 9187 | O12: 0 | P12: 0 | Q12: 0 | R12: 0 | S12: 0 | T12: 0 | U12: 0 | V12: 0 | W12: 0 | X12: 0 | Y12: 0 | Z12: 0 | AA12: 0 | AB12: 0 | AC12: 0 | AE12: 0 | AF12: 0 | AG12: 0 | AI12: 0 | AJ12: 0 | AK12: 0 | AL12: 0 | AM12: 0 | AN12: 0 | AO12: 0 | AP12: 0 | AQ12: 0 | AR12: 0 | AS12: 0 | AT12: 0 | AU12: 0 | AV12: 0 | AW12: 0 | AX12: 0 | AY12: 0 | AZ12: 0 | BA12: 0 | BB12: 0 | BC12: 0 | BD12: 0 | BE12: 0 | BF12: 0 | BG12: 0 | BH12: 0 | BI12: 0 | BJ12: 0 | BK12: 0 | BL12: 0 | BM12: 0 | BN12: 0 | BO12: 0 | BP12: 0 | BQ12: 0 | BR12: 0 | BS12: 0 | BT12: 0 | BU12: 0 | BV12: 0 | BW12: 0 | BX12: 0 | BY12: 0 | BZ12: 0 | CA12: 0 | CB12: 0 | CC12: 0 | CD12: 0 | CE12: 0 | CF12: 0 | CG12: 0 | CH12: 0 | CI12: 0 | CJ12: 0 | CK12: 0 | CL12: 0 | CM12: 0 | CO12: =IF(SUM(R12:AC12)>0,G12,0) -> 0 | CP12: =IF(SUM(R12:AC12)>0,J12,0) -> 0 | CQ12: =IF(SUM(AA12:AC12)>0,G12,0) -> 0 | CR12: =IF(SUM(AA12:AC12)>0,J12,0) -> 0
A13: 6 | B13: Nakano | C13: St Thomas Walk Nakano | D13: Completed | E13: 174338 | F13: 0 | G13: =F13+E13 -> 174338 | J13: =SUM(N13:AC13) -> 2104 | K13: =J13/G13 -> 0.012068511 | L13: =G13-J13 -> 172234 | M13: 40301 | N13: 2104 | O13: 0 | P13: 0 | Q13: 0 | R13: 0 | S13: 0 | T13: 0 | U13: 0 | V13: 0 | W13: 0 | X13: 0 | Y13: 0 | Z13: 0 | AA13: 0 | AB13: 0 | AC13: 0 | AE13: 0 | AF13: 0 | AG13: 0 | AI13: 0 | AJ13: 0 | AK13: 0 | AL13: 0 | AM13: 0 | AN13: 0 | AO13: 0 | AP13: 0 | AQ13: 0 | AR13: 0 | AS13: 0 | AT13: 0 | AU13: 0 | AV13: 0 | AW13: 0 | AX13: 0 | AY13: 0 | AZ13: 0 | BA13: 0 | BB13: 0 | BC13: 0 | BD13: 0 | BE13: 0 | BF13: 0 | BG13: 0 | BH13: 0 | BI13: 0 | BJ13: 0 | BK13: 0 | BL13: 0 | BM13: 0 | BN13: 0 | BO13: 0 | BP13: 0 | BQ13: 0 | BR13: 0 | BS13: 0 | BT13: 0 | BU13: 0 | BV13: 0 | BW13: 0 | BX13: 0 | BY13: 0 | BZ13: 0 | CA13: 0 | CB13: 0 | CC13: 0 | CD13: 0 | CE13: 0 | CF13: 0 | CG13: 0 | CH13: 0 | CI13: 0 | CJ13: 0 | CK13: 0 | CL13: 0 | CM13: 0 | CO13: =IF(SUM(R13:AC13)>0,G13,0) -> 0 | CP13: =IF(SUM(R13:AC13)>0,J13,0) -> 0 | CQ13: =IF(SUM(AA13:AC13)>0,G13,0) -> 0 | CR13: =IF(SUM(AA13:AC13)>0,J13,0) -> 0
A14: 7 | B14: Nakano | C14: Jln Mutiara | D14: Completed | E14: 134225.04 | F14: 0 | G14: =F14+E14 -> 134225.04 | J14: =SUM(N14:AC14) -> 2608 | K14: =J14/G14 -> 0.019430056 | L14: =G14-J14 -> 131617.04 | M14: 40298 | N14: 2608 | O14: 0 | P14: 0 | Q14: 0 | R14: 0 | S14: 0 | T14: 0 | U14: 0 | V14: 0 | W14: 0 | X14: 0 | Y14: 0 | Z14: 0 | AA14: 0 | AB14: 0 | AC14: 0 | AE14: 0 | AF14: 0 | AG14: 0 | AI14: 0 | AJ14: 0 | AK14: 0 | AL14: 0 | AM14: 0 | AN14: 0 | AO14: 0 | AP14: 0 | AQ14: 0 | AR14: 0 | AS14: 0 | AT14: 0 | AU14: 0 | AV14: 0 | AW14: 0 | AX14: 0 | AY14: 0 | AZ14: 0 | BA14: 0 | BB14: 0 | BC14: 0 | BD14: 0 | BE14: 0 | BF14: 0 | BG14: 0 | BH14: 0 | BI14: 0 | BJ14: 0 | BK14: 0 | BL14: 0 | BM14: 0 | BN14: 0 | BO14: 0 | BP14: 0 | BQ14: 0 | BR14: 0 | BS14: 0 | BT14: 0 | BU14: 0 | BV14: 0 | BW14: 0 | BX14: 0 | BY14: 0 | BZ14: 0 | CA14: 0 | CB14: 0 | CC14: 0 | CD14: 0 | CE14: 0 | CF14: 0 | CG14: 0 | CH14: 0 | CI14: 0 | CJ14: 0 | CK14: 0 | CL14: 0 | CM14: 0 | CO14: =IF(SUM(R14:AC14)>0,G14,0) -> 0 | CP14: =IF(SUM(R14:AC14)>0,J14,0) -> 0 | CQ14: =IF(SUM(AA14:AC14)>0,G14,0) -> 0 | CR14: =IF(SUM(AA14:AC14)>0,J14,0) -> 0
A15: 8 | B15: China Jingye | C15: One bernam Phase I & II | D15: Ongoing | E15: 556139.85 | F15: 199926 | G15: =F15+E15 -> 756065.85 | J15: =SUM(N15:AC15) -> 20282.08 | K15: =J15/G15 -> 0.026825812 | L15: =G15-J15 -> 735783.77 | N15: 0 | O15: 10422.5 | P15: 2508 | Q15: 5247 | R15: 1265 | S15: 0 | T15: 0 | U15: 176 | V15: 0 | W15: 44 | X15: 44.8 | Y15: 0 | Z15: 217.5 | AA15: 0 | AB15: 99.28 | AC15: 258 | AE15: 1745 | AF15: 113 | AG15: 17 | AI15: 0 | AJ15: 546 | AK15: 148 | AL15: 86 | AM15: 0 | AN15: 1103 | AO15: 203 | AP15: 152 | AQ15: 0 | AR15: 378 | AS15: 0 | AT15: 0 | AU15: 0 | AV15: 0 | AW15: 0 | AX15: 0 | AY15: 0 | AZ15: 0 | BA15: 0 | BB15: 0 | BC15: 0 | BD15: 57 | BE15: 0 | BF15: 0 | BG15: 0 | BH15: 0 | BI15: 0 | BJ15: 0 | BK15: 0 | BL15: 36 | BM15: 0 | BN15: 0 | BO15: 0 | BP15: 13 | BQ15: 11 | BR15: 8 | BS15: 0 | BT15: 0 | BU15: 0 | BV15: 0 | BW15: 0 | BX15: 118 | BY15: 24 | BZ15: 3 | CA15: 0 | CB15: 0 | CC15: 0 | CD15: 0 | CE15: 0 | CF15: 5 | CG15: 9 | CH15: 0 | CI15: 0 | CJ15: 101 | CK15: 43 | CL15: 28 | CM15: 0 | CO15: =IF(SUM(R15:AC15)>0,G15,0) -> 756065.85 | CP15: =IF(SUM(R15:AC15)>0,J15,0) -> 20282.08 | CQ15: =IF(SUM(AA15:AC15)>0,G15,0) -> 756065.85 | CR15: =IF(SUM(AA15:AC15)>0,J15,0) -> 20282.08
A16: 9 | B16: Santrali | C16: Tuas | D16: This project is only PU Grouting work | E16: 0 | F16: 212950 | G16: =F16+E16 -> 212950 | J16: =SUM(N16:AC16) -> 0 | K16: =J16/G16 -> 0 | L16: =G16-J16 -> 212950 | M16: 44433 | N16: 0 | O16: 0 | P16: 0 | Q16: 0 | R16: 0 | S16: 0 | T16: 0 | U16: 0 | V16: 0 | W16: 0 | X16: 0 | Y16: 0 | Z16: 0 | AA16: 0 | AB16: 0 | AC16: 0 | AE16: 0 | AF16: 0 | AG16: 0 | AI16: 0 | AJ16: 0 | AK16: 0 | AL16: 0 | AM16: 0 | AN16: 0 | AO16: 0 | AP16: 0 | AQ16: 0 | AR16: 0 | AS16: 0 | AT16: 0 | AU16: 0 | AV16: 0 | AW16: 0 | AX16: 0 | AY16: 0 | AZ16: 0 | BA16: 0 | BB16: 0 | BC16: 0 | BD16: 0 | BE16: 0 | BF16: 0 | BG16: 0 | BH16: 0 | BI16: 0 | BJ16: 0 | BK16: 0 | BL16: 0 | BM16: 0 | BN16: 0 | BO16: 0 | BP16: 0 | BQ16: 0 | BR16: 0 | BS16: 0 | BT16: 0 | BU16: 0 | BV16: 0 | BW16: 0 | BX16: 0 | BY16: 0 | BZ16: 0 | CA16: 0 | CB16: 0 | CC16: 0 | CD16: 0 | CE16: 0 | CF16: 0 | CG16: 0 | CH16: 0 | CI16: 0 | CJ16: 0 | CK16: 0 | CL16: 0 | CM16: 0 | CO16: =IF(SUM(R16:AC16)>0,G16,0) -> 0 | CP16: =IF(SUM(R16:AC16)>0,J16,0) -> 0 | CQ16: =IF(SUM(AA16:AC16)>0,G16,0) -> 0 | CR16: =IF(SUM(AA16:AC16)>0,J16,0) -> 0
A17: 10 | B17: CES_SDC Pte Ltd | C17: C4A, TWRP | D17: Ongoing | E17: 978376.09 | F17: 20520 | G17: =F17+E17 -> 998896.09 | J17: =SUM(N17:AC17) -> 148120.14 | K17: =J17/G17 -> 0.14828383 | L17: =G17-J17 -> 850775.96 | N17: 440 | O17: 1496 | P17: 5813.5 | Q17: 10180.5 | R17: 6897 | S17: 7870.5 | T17: 16131.5 | U17: 8932 | V17: 6704.5 | W17: 2354 | X17: 11900 | Y17: 20460 | Z17: 6255 | AA17: 9483 | AB17: 11814 | AC17: 21388.635 | AE17: 2023 | AF17: 447 | AG17: 2544 | AI17: 0 | AJ17: 1528 | AK17: 1173 | AL17: 1899 | AM17: 0 | AN17: 2310 | AO17: 1376 | AP17: 2645 | AQ17: 0 | AR17: 2024 | AS17: 1210 | AT17: 2331 | AU17: 0 | AV17: 1933 | AW17: 1173 | AX17: 2494 | AY17: 0 | AZ17: 4091 | BA17: 2117 | BB17: 5526 | BC17: 0 | BD17: 721 | BE17: 320 | BF17: 1359 | BG17: 0 | BH17: 1651 | BI17: 855 | BJ17: 2194 | BK17: 0 | BL17: 388 | BM17: 107 | BN17: 505 | BO17: 0 | BP17: 2715 | BQ17: 865 | BR17: 4920 | BS17: 0 | BT17: 5065 | BU17: 830 | BV17: 7745 | BW17: 0 | BX17: 1386 | BY17: 153 | BZ17: 2631 | CA17: 0 | CB17: 2043 | CC17: 831 | CD17: 3380 | CE17: 68 | CF17: 1963 | CG17: 1109 | CH17: 4725 | CI17: 79 | CJ17: 5228 | CK17: 608 | CL17: 8710 | CM17: 56 | CO17: =IF(SUM(R17:AC17)>0,G17,0) -> 998896.09 | CP17: =IF(SUM(R17:AC17)>0,J17,0) -> 148120.14 | CQ17: =IF(SUM(AA17:AC17)>0,G17,0) -> 998896.09 | CR17: =IF(SUM(AA17:AC17)>0,J17,0) -> 148120.14
A18: 11 | B18: Koh Brothers | C18: C2A, TWRP | D18: Ongoing | E18: 1748084 | F18: 0 | G18: =F18+E18 -> 1748084 | J18: =SUM(N18:AC18) -> 11430.95 | K18: =J18/G18 -> 0.0065391308 | L18: =G18-J18 -> 1736653.1 | N18: 0 | O18: 0 | P18: 0 | Q18: 0 | R18: 0 | S18: 0 | T18: 2491.5 | U18: 935 | V18: 0 | W18: 0 | X18: 819.06 | Y18: 0 | Z18: 4318.68 | AA18: 0 | AB18: 2866.71 | AC18: 0 | AE18: 0 | AF18: 0 | AG18: 0 | AI18: 0 | AJ18: 0 | AK18: 0 | AL18: 0 | AM18: 0 | AN18: 0 | AO18: 0 | AP18: 0 | AQ18: 0 | AR18: 0 | AS18: 0 | AT18: 0 | AU18: 0 | AV18: 0 | AW18: 0 | AX18: 0 | AY18: 0 | AZ18: 742 | BA18: 0 | BB18: 298 | BC18: 0 | BD18: 313 | BE18: 0 | BF18: 147 | BG18: 0 | BH18: 0 | BI18: 0 | BJ18: 0 | BK18: 0 | BL18: 0 | BM18: 0 | BN18: 0 | BO18: 0 | BP18: 175 | BQ18: 0 | BR18: 85 | BS18: 0 | BT18: 0 | BU18: 0 | BV18: 0 | BW18: 0 | BX18: 354 | BY18: 0 | BZ18: 632 | CA18: 14 | CB18: 0 | CC18: 0 | CD18: 0 | CE18: 0 | CF18: 316 | CG18: 0 | CH18: 520 | CI18: 14 | CJ18: 0 | CK18: 0 | CL18: 0 | CM18: 0 | CO18: =IF(SUM(R18:AC18)>0,G18,0) -> 1748084 | CP18: =IF(SUM(R18:AC18)>0,J18,0) -> 11430.95 | CQ18: =IF(SUM(AA18:AC18)>0,G18,0) -> 1748084 | CR18: =IF(SUM(AA18:AC18)>0,J18,0) -> 11430.95
A19: 12 | B19: CCCC | C19: Intra ARC | D19: Ongoing | E19: 9361342.4 | F19: 493092.4 | G19: =F19+E19 -> 9854434.8 | J19: =SUM(N19:AC19) -> 123765.97 | K19: =J19/G19 -> 0.012559418 | L19: =G19-J19 -> 9730668.8 | N19: 0 | O19: 14883 | P19: 22847 | Q19: 19063 | R19: 14520 | S19: 14751 | T19: 15807 | U19: 8360 | V19: 5390 | W19: 2970 | X19: 3226.6 | Y19: 0 | Z19: 1948.37 | AA19: 0 | AB19: 0 | AC19: 0 | AE19: 5041 | AF19: 5117 | AG19: 267 | AI19: 0 | AJ19: =6906 -> 6906 | AK19: 2606 | AL19: 1355 | AM19: 0 | AN19: 11560 | AO19: 1777 | AP19: 0 | AQ19: 0 | AR19: 7007 | AS19: 413 | AT19: 0 | AU19: 0 | AV19: 6038 | AW19: 1807 | AX19: 0 | AY19: 0 | AZ19: 6157 | BA19: 60 | BB19: 0 | BC19: 0 | BD19: 4143 | BE19: 107 | BF19: 0 | BG19: 0 | BH19: 1344 | BI19: 0 | BJ19: 0 | BK19: 0 | BL19: 395 | BM19: 0 | BN19: 109 | BO19: 0 | BP19: 173 | BQ19: 0 | BR19: 169 | BS19: 0 | BT19: 0 | BU19: 0 | BV19: 0 | BW19: 0 | BX19: 110 | BY19: 25 | BZ19: 0 | CA19: 0 | CB19: 0 | CC19: 0 | CD19: 0 | CE19: 0 | CF19: 0 | CG19: 0 | CH19: 0 | CI19: 0 | CJ19: 0 | CK19: 0 | CL19: 0 | CM19: 0 | CO19: =IF(SUM(R19:AC19)>0,G19,0) -> 9854434.8 | CP19: =IF(SUM(R19:AC19)>0,J19,0) -> 123765.97 | CQ19: =IF(SUM(AA19:AC19)>0,G19,0) -> 0 | CR19: =IF(SUM(AA19:AC19)>0,J19,0) -> 0
A20: 13 | B20: China Harbour | C20: C2B TWRP | D20: Ongoing | E20: 338744.55 | F20: 0 | G20: =F20+E20 -> 338744.55 | J20: =SUM(N20:AC20) -> 0 | K20: =J20/G20 -> 0 | L20: =G20-J20 -> 338744.55 | N20: 0 | O20: 0 | P20: 0 | Q20: 0 | R20: 0 | S20: 0 | T20: 0 | U20: 0 | V20: 0 | W20: 0 | X20: 0 | Y20: 0 | Z20: 0 | AA20: 0 | AB20: 0 | AC20: 0 | AE20: 0 | AF20: 0 | AG20: 0 | AI20: 0 | AJ20: 0 | AK20: 0 | AL20: 0 | AM20: 0 | AN20: 0 | AO20: 0 | AP20: 0 | AQ20: 0 | AR20: 0 | AS20: 0 | AT20: 0 | AU20: 0 | AV20: 0 | AW20: 0 | AX20: 0 | AY20: 0 | AZ20: 0 | BA20: 0 | BB20: 0 | BC20: 0 | BD20: 0 | BE20: 0 | BF20: 0 | BG20: 0 | BH20: 0 | BI20: 0 | BJ20: 0 | BK20: 0 | BL20: 0 | BM20: 0 | BN20: 0 | BO20: 0 | BP20: 0 | BQ20: 0 | BR20: 0 | BS20: 0 | BT20: 0 | BU20: 0 | BV20: 0 | BW20: 0 | BX20: 0 | BY20: 0 | BZ20: 0 | CA20: 0 | CB20: 0 | CC20: 0 | CD20: 0 | CE20: 0 | CF20: 0 | CG20: 0 | CH20: 0 | CI20: 0 | CJ20: 0 | CK20: 0 | CL20: 0 | CM20: 0 | CO20: =IF(SUM(R20:AC20)>0,G20,0) -> 0 | CP20: =IF(SUM(R20:AC20)>0,J20,0) -> 0 | CQ20: =IF(SUM(AA20:AC20)>0,G20,0) -> 0 | CR20: =IF(SUM(AA20:AC20)>0,J20,0) -> 0
A21: 14 | B21: Zhuang Construction | C21: 4A Jalan Kebaya | D21: Ongoing | E21: 43635.4 | F21: 2000 | G21: =F21+E21 -> 45635.4 | J21: =SUM(N21:AC21) -> 1832.4 | K21: =J21/G21 -> 0.040153039 | L21: =G21-J21 -> 43803 | N21: 0 | O21: 0 | P21: 0 | Q21: 0 | R21: 374 | S21: 0 | T21: 154 | U21: 368.5 | V21: 506 | W21: 126.5 | X21: 78.4 | Y21: 225 | Z21: 0 | AA21: 0 | AB21: 0 | AC21: 0 | AE21: 0 | AF21: 0 | AG21: 0 | AI21: 0 | AJ21: 0 | AK21: 0 | AL21: 0 | AM21: 0 | AN21: 0 | AO21: 0 | AP21: 0 | AQ21: 0 | AR21: 140 | AS21: 210 | AT21: 5 | AU21: 20 | AV21: 0 | AW21: 0 | AX21: 0 | AY21: 0 | AZ21: 60 | BA21: 24 | BB21: 0 | BC21: 1 | BD21: 101 | BE21: 25 | BF21: 11 | BG21: 2 | BH21: 78 | BI21: 205 | BJ21: 53 | BK21: 0 | BL21: 25 | BM21: 25 | BN21: 10 | BO21: 0 | BP21: 23 | BQ21: 17 | BR21: 14 | BS21: 2 | BT21: 32 | BU21: 90 | BV21: 28 | BW21: 0 | BX21: 0 | BY21: 0 | BZ21: 0 | CA21: 0 | CB21: 0 | CC21: 0 | CD21: 0 | CE21: 0 | CF21: 0 | CG21: 0 | CH21: 0 | CI21: 0 | CJ21: 0 | CK21: 0 | CL21: 0 | CM21: 0 | CO21: =IF(SUM(R21:AC21)>0,G21,0) -> 45635.4 | CP21: =IF(SUM(R21:AC21)>0,J21,0) -> 1832.4 | CQ21: =IF(SUM(AA21:AC21)>0,G21,0) -> 0 | CR21: =IF(SUM(AA21:AC21)>0,J21,0) -> 0
A22: 15 | B22: SembCorp Specialised | C22: C06B | D22: Ongoing | E22: 365795.96 | F22: 50525 | G22: =F22+E22 -> 416320.96 | J22: =SUM(N22:AC22) -> 118.46 | K22: =J22/G22 -> 0.00028454008 | L22: =G22-J22 -> 416202.5 | N22: 0 | O22: 0 | P22: 0 | Q22: 0 | R22: 44 | S22: 0 | T22: 0 | U22: 0 | V22: 0 | W22: 0 | X22: 0 | Y22: 0 | Z22: 74.46 | AA22: 0 | AB22: 0 | AC22: 0 | AE22: 0 | AF22: 0 | AG22: 0 | AI22: 0 | AJ22: 0 | AK22: 0 | AL22: 0 | AM22: 0 | AN22: 0 | AO22: 0 | AP22: 0 | AQ22: 0 | AR22: 0 | AS22: 16 | AT22: 0 | AU22: 0 | AV22: 0 | AW22: 0 | AX22: 0 | AY22: 0 | AZ22: 0 | BA22: 0 | BB22: 0 | BC22: 0 | BD22: 0 | BE22: 0 | BF22: 0 | BG22: 0 | BH22: 0 | BI22: 0 | BJ22: 0 | BK22: 0 | BL22: 0 | BM22: 0 | BN22: 0 | BO22: 0 | BP22: 0 | BQ22: 0 | BR22: 0 | BS22: 0 | BT22: 0 | BU22: 0 | BV22: 0 | BW22: 0 | BX22: 0 | BY22: 19 | BZ22: 4 | CA22: 0 | CB22: 0 | CC22: 0 | CD22: 0 | CE22: 0 | CF22: 0 | CG22: 0 | CH22: 0 | CI22: 0 | CJ22: 0 | CK22: 0 | CL22: 0 | CM22: 0 | CO22: =IF(SUM(R22:AC22)>0,G22,0) -> 416320.96 | CP22: =IF(SUM(R22:AC22)>0,J22,0) -> 118.46 | CQ22: =IF(SUM(AA22:AC22)>0,G22,0) -> 0 | CR22: =IF(SUM(AA22:AC22)>0,J22,0) -> 0
A23: 16 | B23: CJY/MCC | C23: TMKL | D23: Ongoing | E23: 292091.6 | F23: 0 | G23: =F23+E23 -> 292091.6 | J23: =SUM(N23:AC23) -> 4059.4 | K23: =J23/G23 -> 0.013897695 | L23: =G23-J23 -> 288032.2 | N23: 0 | O23: 0 | P23: 0 | Q23: 0 | R23: 528 | S23: 1144 | T23: 660 | U23: 0 | V23: 0 | W23: 1342 | X23: 106.4 | Y23: 72 | Z23: 0 | AA23: 207 | AB23: 0 | AC23: 0 | AE23: 0 | AF23: 21 | AG23: 0 | AI23: 0 | AJ23: 0 | AK23: 0 | AL23: 0 | AM23: 0 | AN23: 0 | AO23: 0 | AP23: 0 | AQ23: 0 | AR23: 240 | AS23: 0 | AT23: 0 | AU23: 0 | AV23: 878 | AW23: 0 | AX23: 0 | AY23: 2 | AZ23: 192 | BA23: 0 | BB23: 0 | BC23: 0 | BD23: 0 | BE23: 0 | BF23: 0 | BG23: 0 | BH23: 0 | BI23: 0 | BJ23: 0 | BK23: 0 | BL23: 1050 | BM23: 0 | BN23: 0 | BO23: 0 | BP23: 44 | BQ23: 32 | BR23: 0 | BS23: 0 | BT23: 0 | BU23: 48 | BV23: 0 | BW23: 0 | BX23: 0 | BY23: 0 | BZ23: 0 | CA23: 0 | CB23: 138 | CC23: 0 | CD23: 0 | CE23: 0 | CF23: 0 | CG23: 0 | CH23: 0 | CI23: 0 | CJ23: 0 | CK23: 0 | CL23: 0 | CM23: 0 | CO23: =IF(SUM(R23:AC23)>0,G23,0) -> 292091.6 | CP23: =IF(SUM(R23:AC23)>0,J23,0) -> 4059.4 | CQ23: =IF(SUM(AA23:AC23)>0,G23,0) -> 292091.6 | CR23: =IF(SUM(AA23:AC23)>0,J23,0) -> 4059.4
J27: CUMULATIVE REPAIR PERCENTAGE | K27: =SUM(J8:J23)/SUM(G8:G23) -> 0.021111975
J28: CUMULATIVE REPAIR PERCENTAGE FOR PROJECTS REPAIRED ON Q4 2025 | K28: =SUM(CR:CR)/SUM(CQ:CQ) -> 0.048454783
J29: CUMULATIVE REPAIR PERCENTAGE FOR PROJECTS REPAIRED IN YEAR 2025 | K29: =SUM(CP:CP)/SUM(CO:CO) -> 0.021940174
J30: AVERAGE PROJECT REPAIR RATE | K30: =AVERAGE(K15:K23) -> 0.02761594

Sheet Defects Classification Analysis
A3: Month | B3: Crack | C3: CJ | D3: Spot Leak | E3: Tie Rod | F3: Quarter | G3: Crack | H3: CJ | I3: Spot Leak | J3: Tie Rod
A4: 45658 | B4: =SUM('Repair Analysis Report'!AR:AR) -> 9789 | C4: =SUM('Repair Analysis Report'!AS:AS) -> 1849 | D4: =SUM('Repair Analysis Report'!AT:AT) -> 2336 | E4: =SUM('Repair Analysis Report'!AU:AU) -> 20 | F4: Q1 | G4: =SUM(B4:B6) -> 29880 | H4: =SUM(C4:C6) -> 7030 | I4: =SUM(D4:D6) -> 10654 | J4: =SUM(E4:E6) -> 23
A5: 45689 | B5: =SUM('Repair Analysis Report'!AV:AV) -> 8849 | C5: =SUM('Repair Analysis Report'!AW:AW) -> 2980 | D5: =SUM('Repair Analysis Report'!AX:AX) -> 2494 | E5: =SUM('Repair Analysis Report'!AY:AY) -> 2
A6: 45717 | B6: =SUM('Repair Analysis Report'!AZ:AZ) -> 11242 | C6: =SUM('Repair Analysis Report'!BA:BA) -> 2201 | D6: =SUM('Repair Analysis Report'!BB:BB) -> 5824 | E6: =SUM('Repair Analysis Report'!BC:BC) -> 1
A7: 45748 | B7: =SUM('Repair Analysis Report'!BD:BD) -> 5335 | C7: =SUM('Repair Analysis Report'!BE:BE) -> 452 | D7: =SUM('Repair Analysis Report'!BF:BF) -> 1517 | E7: =SUM('Repair Analysis Report'!BG:BG) -> 2 | F7: Q2 | G7: =SUM(B7:B9) -> 10302 | H7: =SUM(C7:C9) -> 1644 | I7: =SUM(D7:D9) -> 4388 | J7: =SUM(E7:E9) -> 2
A8: 45778 | B8: =SUM('Repair Analysis Report'!BH:BH) -> 3073 | C8: =SUM('Repair Analysis Report'!BI:BI) -> 1060 | D8: =SUM('Repair Analysis Report'!BJ:BJ) -> 2247 | E8: =SUM('Repair Analysis Report'!BK:BK) -> 0
A9: 45809 | B9: =SUM('Repair Analysis Report'!BL:BL) -> 1894 | C9: =SUM('Repair Analysis Report'!BM:BM) -> 132 | D9: =SUM('Repair Analysis Report'!BN:BN) -> 624 | E9: =SUM('Repair Analysis Report'!BO:BO) -> 0
A10: 45839 | B10: =SUM('Repair Analysis Report'!BP:BP) -> 3143 | C10: =SUM('Repair Analysis Report'!BQ:BQ) -> 925 | D10: =SUM('Repair Analysis Report'!BR:BR) -> 5196 | E10: =SUM('Repair Analysis Report'!BS:BS) -> 2 | F10: Q3 | G10: =SUM(B10:B12) -> 10208 | H10: =SUM(C10:C12) -> 2114 | I10: =SUM(D10:D12) -> 16239 | J10: =SUM(E10:E12) -> 16
A11: 45870 | B11: =SUM('Repair Analysis Report'!BT:BT) -> 5097 | C11: =SUM('Repair Analysis Report'!BU:BU) -> 968 | D11: =SUM('Repair Analysis Report'!BV:BV) -> 7773 | E11: =SUM('Repair Analysis Report'!BW:BW) -> 0
A12: 45901 | B12: =SUM('Repair Analysis Report'!BX:BX) -> 1968 | C12: =SUM('Repair Analysis Report'!BY:BY) -> 221 | D12: =SUM('Repair Analysis Report'!BZ:BZ) -> 3270 | E12: =SUM('Repair Analysis Report'!CA:CA) -> 14
A13: 45931 | B13: =SUM('Repair Analysis Report'!CB:CB) -> 2181 | C13: =SUM('Repair Analysis Report'!CC:CC) -> 831 | D13: =SUM('Repair Analysis Report'!CD:CD) -> 3380 | E13: =SUM('Repair Analysis Report'!CE:CE) -> 68 | F13: Q4 | G13: =SUM(B13:B15) -> 9794 | H13: =SUM(C13:C15) -> 2600 | I13: =SUM(D13:D15) -> 17363 | J13: =SUM(E13:E15) -> 217
A14: 45962 | B14: =SUM('Repair Analysis Report'!CF:CF) -> 2284 | C14: =SUM('Repair Analysis Report'!CG:CG) -> 1118 | D14: =SUM('Repair Analysis Report'!CH:CH) -> 5245 | E14: =SUM('Repair Analysis Report'!CI:CI) -> 93
A15: 45992 | B15: =SUM('Repair Analysis Report'!CJ:CJ) -> 5329 | C15: =SUM('Repair Analysis Report'!CK:CK) -> 651 | D15: =SUM('Repair Analysis Report'!CL:CL) -> 8738 | E15: =SUM('Repair Analysis Report'!CM:CM) -> 56

Sheet Packer Usage Analysis
B6: Years (Date) | C6: 2025
B8: Row Labels | C8: Sum of Packer Qty (Released)
B9: Jan | C9: 19100
B10: Feb | C10: 19700
B11: Mar | C11: 22200
B12: Apr | C12: 15900
B13: May | C13: 19700
B14: Jun | C14: 22500
B15: Jul | C15: 28200
B16: Aug | C16: 24000
B17: Sept | C17: 13500
B18: Oct | C18: 12900
B19: Nov | C19: 13700
B20: Dec | C20: 30000
B21: Grand Total | C21: 241400
